{"cameraMode":{"drawMode":0,"name":"Shaded","section":"Shading Mode"},"sceneLighting":true,"audioPlay":false,"sceneViewState":{"showFog":true,"showMaterialUpdate":false,"showSkybox":true,"showFlares":true,"showImageEffects":true,"showParticleSystems":true},"in2DMode":false,"pivot":{"x":5.763661861419678,"y":-2.621750593185425,"z":1.7262564897537232},"rotation":{"x":-0.3604224920272827,"y":-0.14960701763629914,"z":0.058682575821876529,"w":-0.9188514947891235},"size":10.0,"orthographic":false}